[{"id":60572897,"title":"Blog Template","order":1,"templateKey":"blog","customTemplate":false,"customTemplateFilename":null,"pageLinks":[],"dateCreated":"2023-12-21T22:26:35.832Z","dateUpdated":"2023-12-21T22:26:35.836Z","folderId":null,"pageName":null,"serverPageId":null,"status":2,"backwardUrl":null},{"id":7961231,"title":"Post Template","order":2,"templateKey":"post","customTemplate":false,"customTemplateFilename":null,"pageLinks":[],"dateCreated":"2023-12-21T22:26:35.781Z","dateUpdated":"2023-12-21T22:26:35.785Z","folderId":null,"pageName":null,"serverPageId":null,"status":2,"backwardUrl":null},{"id":301029247,"title":"Product List Template","order":3,"templateKey":"products","customTemplate":false,"customTemplateFilename":null,"pageLinks":[],"dateCreated":"2023-12-21T22:26:35.783Z","dateUpdated":"2023-12-21T22:26:35.788Z","folderId":null,"pageName":null,"serverPageId":null,"status":2,"backwardUrl":null},{"id":783906987,"title":"Product Details Template","order":4,"templateKey":"product","customTemplate":false,"customTemplateFilename":null,"pageLinks":[],"dateCreated":"2023-12-21T22:26:35.785Z","dateUpdated":"2023-12-21T22:26:35.789Z","folderId":null,"pageName":null,"serverPageId":null,"status":2,"backwardUrl":null},{"id":655730557,"title":"Shopping Cart Template","order":5,"templateKey":"cart","customTemplate":false,"customTemplateFilename":null,"pageLinks":[],"dateCreated":"2023-12-21T22:26:35.788Z","dateUpdated":"2023-12-21T22:26:35.791Z","folderId":null,"pageName":null,"serverPageId":null,"status":2,"backwardUrl":null},{"id":362719326,"title":"Checkout Template","order":6,"templateKey":"checkout","customTemplate":false,"customTemplateFilename":null,"pageLinks":[],"dateCreated":"2024-03-22T20:54:19.969Z","dateUpdated":"2024-03-22T20:54:20.719Z","folderId":null,"pageName":"Checkout Template","serverPageId":null,"sectionCount":1,"status":2,"backwardUrl":null},{"id":647312082,"title":"Login Template","order":7,"templateKey":"login","customTemplate":false,"customTemplateFilename":null,"pageLinks":[],"dateCreated":"2024-03-22T20:54:20.258Z","dateUpdated":"2024-03-22T20:54:20.719Z","folderId":null,"pageName":"Login Template","serverPageId":null,"sectionCount":1,"status":2,"backwardUrl":null},{"id":88643301,"title":"Page Password Template","order":8,"templateKey":"password","customTemplate":false,"customTemplateFilename":null,"pageLinks":[],"dateCreated":"2024-03-22T20:54:20.448Z","dateUpdated":"2024-03-22T20:54:20.719Z","folderId":null,"pageName":"Page Password Template","serverPageId":null,"sectionCount":1,"status":2,"backwardUrl":null},{"id":170915999,"title":"404 Not Found Template","order":9,"templateKey":"404","customTemplate":false,"customTemplateFilename":null,"pageLinks":[],"dateCreated":"2023-12-21T22:26:35.791Z","dateUpdated":"2023-12-21T22:26:35.794Z","folderId":null,"pageName":null,"serverPageId":null,"status":2,"backwardUrl":null},{"id":70120305,"title":"Thank You Page Template","order":10,"templateKey":"ThankYou","customTemplate":false,"customTemplateFilename":null,"pageLinks":[],"dateCreated":"2024-03-22T20:54:20.611Z","dateUpdated":"2024-03-22T20:54:20.719Z","folderId":null,"pageName":"Thank You Page Template","serverPageId":null,"sectionCount":1,"status":2,"backwardUrl":null},{"id":500207063,"title":"Home","order":50,"templateKey":null,"customTemplate":false,"customTemplateFilename":null,"pageLinks":[],"dateCreated":"2024-01-04T02:19:26.087Z","dateUpdated":"2024-03-23T19:07:09.048Z","folderId":null,"pageName":"Home_500207063","serverPageId":null,"sectionCount":1,"status":2,"backwardUrl":null},{"id":61275274,"title":"ABOUT US","order":51,"templateKey":null,"customTemplate":false,"customTemplateFilename":null,"pageLinks":[],"dateCreated":"2024-01-04T02:22:46.173Z","dateUpdated":"2024-03-23T19:07:34.392Z","folderId":null,"pageName":"ABOUT US_61275274","serverPageId":null,"sectionCount":1,"status":2,"backwardUrl":null},{"id":289279010,"title":"ASK FOR JOB","order":52,"templateKey":null,"customTemplate":false,"customTemplateFilename":null,"pageLinks":[],"dateCreated":"2024-01-04T02:44:39.780Z","dateUpdated":"2024-03-23T18:58:48.786Z","folderId":null,"pageName":"ASK FOR JOB_289279010","serverPageId":null,"sectionCount":1,"status":2,"backwardUrl":null}]